knee_angle_left,knee_angle_right,elbow_angle_left,elbow_angle_right,com_x,com_y,knee_status
171.6100545443714,166.60666688334825,145.48481542431784,153.60078270603168,226.25,452.5,Extension
158.4864830251098,165.6138730346186,74.23446471319087,90.7638984605905,222.5,453.5,Extension
157.62232012083214,154.25793384201708,157.49168657485484,149.41699567506004,217.0,447.5,Transition
138.99387905453023,135.70760113217048,90.44289600914418,114.71744089699882,216.25,451.0,Transition
136.18607855584924,140.44954430117792,105.14698442842551,161.37842045836328,217.0,455.0,Transition
137.44829639940326,136.0809241773233,102.6594067463841,50.59933944475834,213.75,461.5,Transition
127.49135439439982,121.8301672974136,150.17291505653787,96.44953469264938,207.5,469.75,Transition
126.4645770550478,128.08274341574716,176.34535295446727,83.45370922741427,201.5,477.25,Transition
118.12845650739148,115.08708596794006,153.43494872164354,103.01497774889181,198.25,492.75,Good Loading (Serve)
106.71603666245086,103.19061070928846,171.75089351465488,101.22245804732016,196.75,508.0,Good Loading (Serve)
90.8441200555961,89.2263300314344,174.0684721846269,148.78159674566135,193.5,514.75,Good Loading (Serve)
83.04439705470986,88.83474217149103,147.26477305850386,147.52880746252785,187.5,518.25,Good Loading (Serve)
90.77074874519998,86.88996264162341,135.3696448853329,133.32760556920405,184.5,522.5,Good Loading (Serve)
87.23614262972256,91.66592990329578,45.57103550505046,79.16076165505957,191.5,520.5,Good Loading (Serve)
104.49580423641585,96.52664876007137,103.66069940560298,100.72978637568755,183.0,519.5,Good Loading (Serve)
97.85742967172318,95.2622170279526,118.10188631214398,102.425942857069,185.75,520.25,Good Loading (Serve)
117.53830519014242,109.9617119730589,110.77527420470045,98.001924085236,182.0,513.5,Good Loading (Serve)
124.51254204114973,117.87600836531885,118.0025603528067,101.87026452408121,182.0,509.25,Good Loading (Serve)
133.35142897765536,124.76219861295857,114.0000476372468,118.74151550737903,184.0,508.75,Transition
134.17762900551395,125.54818003345514,126.02737335319097,125.51803575018425,184.5,507.0,Transition
125.43802696690497,116.61041599063074,132.4489048743443,131.21495526036628,186.5,505.25,Good Loading (Serve)
108.53729915543069,105.39978233836092,150.3796744786149,141.49077160081623,187.0,500.5,Good Loading (Serve)
107.88342097776696,105.62545194953233,148.2580918132379,143.079930897942,188.75,497.0,Good Loading (Serve)
126.2297479669401,122.52912722682561,153.27355261612863,150.3408906965399,185.5,490.5,Transition
128.57581449114713,125.4010969231082,139.9240927431268,138.8228369610637,189.75,488.75,Transition
119.85019290777299,124.47775855496641,115.55313854023508,126.28193420723649,195.5,488.0,Transition
123.99743036989466,118.8376151786604,106.38070860321861,115.37156173820784,198.25,490.5,Good Loading (Serve)
119.53878225319603,114.90104160243212,133.69804728112496,121.293038976469,193.5,490.25,Good Loading (Serve)
117.10931698734075,113.72810198917433,131.09950621544067,118.58774626333889,194.5,492.0,Good Loading (Serve)
122.91891705368467,117.8786379158709,129.68545428426364,115.85278601097734,195.5,489.5,Good Loading (Serve)
133.03353542088817,128.2969876646068,131.2686029526358,112.53678749814381,195.0,487.5,Transition
134.94517150853846,128.91704541954317,134.552385777206,116.23044349630499,196.0,485.25,Transition
136.32912995430493,126.82187101158296,109.6806172448651,114.14554194964595,201.5,484.0,Transition
123.74597794373274,123.11828192687973,116.81247124567926,120.10865912034583,203.25,480.75,Transition
115.6799339841106,119.95020483364955,128.73037673528216,117.79702856519633,203.5,480.0,Good Loading (Serve)
110.75526808531127,112.56421010347553,121.30798602300061,118.88658175244976,204.75,480.5,Good Loading (Serve)
116.50117630490466,116.60633054613552,117.6237848830748,116.94861550821376,206.75,480.75,Good Loading (Serve)
121.21456484198711,114.3040849078178,109.7564052736777,119.73129442684441,207.75,486.5,Good Loading (Serve)
113.03504448534764,106.95886779615225,118.252096925514,112.1935044994211,208.75,493.25,Good Loading (Serve)
107.51382128101777,105.02143559176169,113.64901973565561,99.48358223346774,212.0,498.5,Good Loading (Serve)
111.71728712428879,111.22344147710034,114.56717130269058,90.0,216.25,500.25,Good Loading (Serve)
116.07342980626039,114.76119659377298,101.93560251918316,94.22620665203937,216.0,500.5,Good Loading (Serve)
116.07342980626039,115.08313795178377,100.49147699301133,93.57093789345328,216.0,500.25,Good Loading (Serve)
135.95562439603415,127.11108518292687,114.17910690722182,90.61393816532109,218.25,498.5,Transition
158.80384120114775,150.54008316544815,85.78884153760269,94.49715161272633,219.5,499.0,Transition
161.16959942622975,156.6541198667725,85.04349522410867,113.60535742921826,218.75,499.5,Transition
153.48498876987915,158.96378935455965,86.76158332845094,100.15559177069326,220.0,505.75,Transition
150.0866898886439,159.28231555266203,103.67130711186257,100.5966217946873,222.75,508.5,Transition
151.824648196418,164.19748600856084,158.67378134676775,107.78564505963745,223.0,510.75,Extension
157.04882954314246,167.89513244969808,158.21823240298679,106.68019706291342,220.0,507.5,Extension
170.07871563688434,176.6501889426555,163.29459338996156,105.64654406521726,219.75,504.75,Extension
177.52267122118892,177.68335537149207,169.17424535542494,111.08768244115767,219.5,501.0,Extension
175.28876514418448,172.95806937935743,168.4193805371248,104.97975192932005,217.0,497.0,Extension
168.99404405583996,165.9546293293487,161.77492466468854,110.15421115028266,217.0,494.5,Extension
176.16776845973902,174.8754255188906,54.4156265352493,95.79414168584518,216.5,498.5,Extension
171.9599380242166,175.94836210312477,7.787018545959828,96.00658572328754,214.0,502.75,Extension
164.85447520196678,176.46022527916676,50.858002418661236,91.64778031405372,211.25,501.75,Extension
163.80039399549122,166.72993619048506,47.84113205677869,91.69479232156574,206.25,497.75,Extension
171.92854217232005,169.39191488196693,65.93756104775261,127.69424038706791,203.0,494.0,Extension
176.80498666443842,175.3013193622296,107.1027289619307,171.19320709109394,197.0,487.0,Extension
175.02208975926843,176.23930575807677,120.74768294803299,161.2519624562086,188.75,481.5,Extension
177.1018642657613,167.48311149382914,116.11193053906061,166.4901959463395,182.75,479.25,Extension
178.46616512473753,179.1057572588203,72.81585200407439,177.02472571409314,177.0,477.25,Extension
176.34440451993083,170.37169814348158,24.752680584227264,159.84413654388348,169.0,478.0,Extension
173.24748643144008,163.37526949202723,145.7998300319436,133.04275462696714,160.75,483.0,Extension
132.27368899547628,141.79234746743384,163.76927802026998,132.6912420939142,157.0,487.25,Transition
129.93690573407827,139.87389641666343,170.42940089267725,132.15430637274585,157.25,493.75,Transition
134.74789746206912,142.6437995970225,174.3269777840545,126.71483501011667,157.25,494.25,Transition
143.40092184794378,150.00587961266794,178.64218078930844,130.7162981365147,159.0,491.25,Transition
164.1050809471057,171.00223216965702,175.21393355340908,161.52926365284023,162.5,490.75,Extension
174.76952516837903,179.65810157714483,169.7427464690702,176.11724253834987,170.75,482.5,Extension
175.74657731077303,174.03468674012248,159.93979379822284,157.86263720156734,176.25,483.75,Extension
170.60005794060825,172.49827258944651,113.46719478991163,158.6803677139616,186.0,491.25,Extension
173.78344572743666,169.11226540436616,156.43936384643607,172.2619926168763,197.75,503.75,Extension
178.260381621873,164.14605630253467,124.96090845430679,162.6800275021484,206.5,522.0,Extension
164.2083151784713,173.13384829992404,134.67629846502118,173.47890649502324,210.0,533.25,Extension
173.12088673925575,179.39162921006985,148.67904247071368,151.5040047966281,211.0,534.75,Extension
175.48128911510207,160.41448778474785,145.96787216744295,167.7216429526898,210.25,543.75,Extension
152.93932294355218,134.13295892851562,146.92735021517177,172.3361241995108,211.25,542.75,Transition
131.52624399057964,120.13833416851335,158.30256833269104,149.11892120229163,203.0,549.5,Transition
105.67828932517116,111.02368649085476,165.6395729631434,81.0514421932681,200.0,549.25,Good Loading (Serve)
101.59273264241085,117.55926918175547,177.06432631515943,41.096456522707456,197.5,557.75,Good Loading (Serve)
102.10007965459488,119.71733971153394,161.3494518533943,42.63253054867399,194.75,566.5,Good Loading (Serve)
109.8947699448698,128.11495861820094,157.1027368137707,99.5632332186708,202.25,588.0,Transition
103.13603914968041,128.81236238017334,118.98882250675923,103.37963530280393,202.0,603.25,Transition
90.85112817006778,112.79891367513413,147.73791543967565,115.44290620658656,198.5,617.5,Good Loading (Serve)
108.06693382428749,131.85053732122506,158.38904584575772,141.79252949462443,200.5,620.75,Transition
113.36911316168353,128.48121721254844,137.6715698084904,153.43494880814492,195.25,625.5,Transition
113.82206989370657,126.33722848553175,137.3854644015908,162.72409571412655,187.0,634.25,Transition
105.40474645893985,118.55986994735632,141.00900594813888,163.95666267543808,183.25,642.0,Good Loading (Serve)
122.06669680786008,116.38642110919675,132.47917208660468,161.8114461359353,174.5,640.25,Good Loading (Serve)
106.90164260134813,107.82652093692126,141.43046388629594,164.59945359200356,170.0,641.0,Good Loading (Serve)
117.36548981875727,109.87997090227222,132.84089120843143,166.19834625460243,171.5,639.5,Good Loading (Serve)
130.08248341245178,118.36708774293572,147.4440751832074,178.07921485068462,173.0,635.75,Good Loading (Serve)
115.22483951911138,109.43559761258004,134.99999999230062,169.89127849194122,174.5,637.75,Good Loading (Serve)
135.633613316715,121.28040532896715,142.0349758904968,178.9898507264129,173.75,625.75,Transition
137.40280559614317,122.45438836567709,87.35745470728995,152.729746880174,153.75,632.25,Transition
144.785119305413,138.02815777738851,156.29486044898897,51.02630542621202,147.0,628.25,Transition
154.28034164437616,147.1668781803435,138.77276994808707,146.93393740976856,147.0,609.5,Transition
155.85161308779772,142.20537989095348,130.90614499720863,178.4230665198493,142.75,606.0,Transition
142.20735471099914,124.42426096389164,115.88212858717694,164.11693474644875,136.25,611.25,Transition
146.68674247881685,116.25374103866665,111.57543171723626,140.96241436753556,137.5,601.75,Good Loading (Serve)
157.93713830825675,142.77152913610524,127.06881174422355,152.50939719251167,128.5,589.75,Transition
149.44431561567202,133.52022059480325,139.87139102698907,148.768090444199,121.5,589.25,Transition
155.31816573561522,128.97840985900547,149.83735717352423,140.5308543342049,116.25,575.5,Transition
154.74866195367434,122.98577910453079,152.28405686590028,132.28750741434726,113.0,568.75,Transition
153.4919511224918,120.02380114794028,152.68182296941185,140.37909449921196,106.75,561.0,Transition
155.5197036549211,131.66559244202134,157.05361216402358,149.05905228029832,99.75,548.5,Transition
145.93951588480726,131.02688171452863,155.564584249407,155.40352392203982,92.25,546.75,Transition
139.857802658553,130.51301909610714,162.8504841697428,176.04938177020279,86.0,543.0,Transition
142.99697101214858,136.3375078792508,148.77065177470297,163.50798144795482,77.75,536.75,Transition
142.69732472967863,137.0347473452109,134.81539493234044,155.26291705378742,69.75,531.25,Transition
156.6750757151933,148.54595242175807,152.23384035085306,169.37817852574514,59.5,524.75,Transition
165.96874682086636,155.25168291043258,152.20761684864303,179.40934161611415,56.25,515.75,Transition
154.2526929678085,144.06455520345924,140.70035930191185,156.8392846994846,52.0,511.75,Transition
140.56923337211276,126.67347559332302,133.5847451056704,133.96127818935895,51.25,515.75,Transition
131.306538375619,115.91044474026033,135.10941254827262,122.05881412699668,50.75,524.5,Good Loading (Serve)
134.03486589599126,124.60861103316086,138.7691067354538,124.66108944774885,48.75,533.5,Transition
141.46486374220845,134.33875465083642,141.0818573507231,125.12411518018462,45.75,540.75,Transition
145.35887376424304,141.09803084982903,141.74557963441876,129.10438538308668,45.75,541.75,Transition
157.59102537526675,159.5455962303321,145.81215609188177,151.39053966187873,44.0,541.75,Transition
164.14807183310046,166.41296210376186,130.0206140517663,177.13476234213815,43.25,542.25,Extension
159.8943246596009,155.09720472253883,123.50654547155243,162.81921451139306,46.5,542.5,Transition
151.28082315887264,142.523013430964,119.39605284966188,155.06463145139276,43.25,538.75,Transition
146.23414730838127,129.36433989239015,112.87069087195188,154.26433978132826,46.0,539.75,Transition
148.64301900522372,126.67687054777252,104.31174321234782,146.15465971507535,47.25,532.75,Transition
150.58354916839548,126.8046405185088,110.42253254176256,154.37665240828147,52.5,526.5,Transition
152.78481184620298,134.89907879107136,117.53869448140763,162.54183041789267,53.0,520.0,Transition
145.19195210957312,129.89704910522576,127.41619801679582,171.63659673152645,54.0,516.0,Transition
146.26597004083322,140.0871911956269,133.40022340422567,175.20479020861663,52.75,516.5,Transition
143.7384780587919,145.94214809338274,127.69330916628185,166.45345202661548,50.0,517.0,Transition
158.10199952707396,166.55105031488597,134.25935351517404,123.07144040141915,53.75,515.5,Extension
165.27106234852815,169.68535433168782,116.80083493863177,177.90474616298798,54.0,514.5,Extension
168.58792959455877,174.99197818212247,134.63213486534033,156.8173751954937,56.5,514.5,Extension
179.3562538451158,174.8766604054068,147.83676979210765,148.3952184577583,60.75,517.5,Extension
179.9833106248785,171.90160526730307,150.07787011807267,133.29018594046977,62.0,521.75,Extension
177.73470733014332,173.9282201488608,141.67648003770023,138.0890726999604,62.25,529.0,Extension
175.84939936831947,171.62640604644645,121.1713490118013,131.01619054381283,64.0,534.5,Extension
179.48620319639733,177.02775075581647,130.88604234236854,155.1744161471147,63.75,535.75,Extension
177.07021747228853,179.5180424332823,120.50522112826174,168.45405514405107,63.25,538.5,Extension
175.27770090162113,176.3211445684114,119.72292782803085,176.30288972664118,63.75,539.0,Extension
175.50284830533303,177.00713780166382,113.0332192701342,174.34118441150824,63.0,538.25,Extension
172.71798235991253,173.0759463612279,115.3350211988982,176.9271458457671,61.5,538.75,Extension
177.53928050598375,174.77348560438838,119.3722540618279,177.90608970853555,61.5,542.0,Extension
172.631305602487,171.07082530257927,130.38803587179234,174.11564004058633,61.75,544.75,Extension
175.40337065145857,170.5626125408033,165.22426440437886,159.67021542822252,62.0,545.5,Extension
169.0279404312286,167.83648653300978,161.90226154988335,158.09572562241792,61.25,544.5,Extension
162.56694198226054,160.11859549936463,161.1821444810233,164.02553095635372,58.0,541.5,Extension
164.74488126403935,160.3281002761394,157.0654434266431,171.3899999701335,55.25,533.25,Extension
158.60444558488598,149.70696649885627,160.0322922942802,175.07788288833623,54.25,527.5,Transition
146.67878431457407,142.26491801930746,137.79591053296835,172.7784522209519,47.0,527.0,Transition
134.8367645937527,135.75887057240976,127.0220997558389,172.76896626516648,45.0,525.0,Transition
139.9307879778722,133.31050965513168,123.15565992314374,177.048159416562,46.25,522.5,Transition
131.3611410633591,124.86219614253412,107.22343617699379,161.17232154554057,44.0,516.25,Transition
128.2381672398594,123.91558849871763,175.60129387301785,152.08781589297868,43.25,518.75,Transition
153.14638828157848,127.18336686279154,56.768288966947885,33.366366197980405,47.0,522.25,Transition
147.74514471363915,129.29749269591363,145.1322115222773,177.8789011139261,40.25,534.25,Transition
153.8191493001611,135.92091882811908,125.57825551711421,176.82016797321742,40.25,540.75,Transition
153.3180004437828,135.02368572138494,154.05859634656605,130.28061261137438,41.25,549.5,Transition
151.1777718560062,130.18553200117952,136.50085606399665,39.130399711308236,43.5,550.0,Transition
150.1966915631858,128.20426610926248,139.93570054742682,144.6237183167223,43.5,552.0,Transition
147.53688548466315,127.11196004903013,152.19854116545156,162.54576750888225,45.5,548.75,Transition
153.71173785231926,121.84944576527297,152.78251554292632,174.95546974101484,50.25,548.25,Transition
147.2444615811286,115.90594825006276,123.0602172359739,159.92847408662652,54.0,545.75,Good Loading (Serve)
136.71083481876403,112.61986494497975,116.92982540968494,146.21538502969963,58.75,541.0,Good Loading (Serve)
148.8849994696965,118.15028630852463,107.51147623875042,148.26788127001987,64.0,535.0,Good Loading (Serve)
158.34618361935992,119.59021399754779,106.43977103505995,137.74518205916772,70.5,526.25,Good Loading (Serve)
147.849148172851,119.73524176000578,108.7113563576753,140.6532858825332,79.75,514.5,Good Loading (Serve)
144.71524138139046,125.52575110573807,99.77081338614192,134.79989911546141,84.5,504.5,Transition
133.78728153116253,117.62670928851557,111.4160176692624,135.80692943208794,95.0,503.75,Good Loading (Serve)
121.70011941872771,113.64195258844227,116.01558799818311,129.52691389672634,103.75,498.75,Good Loading (Serve)
116.37640771276335,109.72562324087112,114.62077421764762,135.58463049960955,109.75,501.0,Good Loading (Serve)
125.0328822182762,118.40796012497319,106.9275130582977,127.98752034410782,117.5,501.75,Good Loading (Serve)
124.4321296074446,113.71037412853201,107.69278268172248,132.28853874893804,125.25,504.25,Good Loading (Serve)
118.34552720537891,109.69536538369802,103.14106975349162,125.79431272237818,130.5,511.75,Good Loading (Serve)
112.82939204737794,101.69893760746912,98.23324495749682,127.45234764157037,138.0,524.0,Good Loading (Serve)
113.71545132963007,103.60739329094066,99.98545062792094,118.5066763078956,144.5,527.25,Good Loading (Serve)
115.93924080786019,110.32126650948669,101.01978892927646,123.65131815547161,151.75,531.0,Good Loading (Serve)
120.49064947302462,112.3830598701141,97.51368419177068,119.16133728448943,158.5,532.5,Good Loading (Serve)
137.95986742257531,128.299522878655,107.82327334129836,118.49163293785804,165.0,532.75,Transition
149.54616897122767,141.03947500772057,116.06309848169997,126.41637850439717,172.25,532.5,Transition
157.16884093240543,146.98536547732238,111.26027497040877,121.96343062666496,179.5,530.75,Transition
158.26261459474966,141.4911537259163,109.12798031151634,123.11414273873277,188.5,531.75,Transition
152.7907039103023,138.2341646425375,100.87674541570479,118.06019696976499,195.0,529.75,Transition
151.04025054357737,139.9436322942624,108.99966287525137,139.98772149321113,199.25,520.75,Transition
154.13539522659872,144.58540568508164,111.477707953548,132.03309551609948,205.75,508.0,Transition
152.55804106668393,151.0613016105487,116.53225450015887,126.55445859002629,212.25,498.25,Transition
159.38897353074836,155.45467436843887,130.81765717118503,131.07799860604183,219.5,488.75,Transition
158.3630968795662,155.41526075051326,141.24191431475495,132.16390423424508,223.25,480.5,Transition
157.51816334663948,155.1057533378751,142.65983995387222,132.2629000922483,223.0,478.5,Transition
154.2277234274431,145.43233597989646,123.91678077708922,130.91535568627125,224.75,482.5,Transition
145.0680883861394,135.18473931512338,118.12509528255742,132.71446350665676,223.75,483.25,Transition
136.68866760953802,129.84051694892233,119.54933330921284,134.74097923506557,221.75,487.0,Transition
136.77873298474955,129.7545508157992,113.39888567442989,119.51877923585617,224.5,497.5,Transition
140.34126842630425,133.10998071645295,114.01452280660072,118.8597857420617,226.5,507.5,Transition
127.75625951957366,130.85734017147178,113.83359669571584,121.22739859259173,223.25,518.5,Transition
118.2683537807421,124.29618414117442,107.53821853622586,114.79199296832634,224.25,533.0,Transition
105.48554286991646,110.84833782854604,106.79141882613382,111.77128551865633,220.75,541.25,Good Loading (Serve)
100.69132141183884,105.31956836960214,108.98684409318987,114.34035600759346,220.75,544.0,Good Loading (Serve)
112.59869446797839,118.89529385749267,112.45282232373077,115.25316338603321,223.0,541.25,Good Loading (Serve)
130.17244202085175,133.90694714841322,97.08645064908895,107.29933135648209,224.5,536.5,Transition
134.66515833868937,141.7699641805285,95.36288499676323,107.13611014980457,224.0,530.75,Transition
136.8825032262611,136.2433377159489,76.42956562016705,104.93271819637798,223.0,526.75,Transition
136.15900505076647,129.84219892833957,146.26730163601144,145.1640324033467,228.5,519.5,Transition
128.73507252233603,121.1849746548347,114.81094482010063,154.43652119615388,223.0,518.0,Transition
120.90574529606165,115.89918064989727,110.19250179329512,148.73133406539714,220.5,516.75,Good Loading (Serve)
115.83379069917764,114.5277204773715,122.94358493452087,159.62885370143874,221.0,518.0,Good Loading (Serve)
121.87065217195196,120.71277331222802,111.14323919749391,169.4207314864395,217.0,518.25,Transition
125.98621262554609,123.57116494975202,111.40058605449887,177.65514360269555,218.5,521.25,Transition
132.96034834421118,130.19875480178803,115.79969505102135,129.4101309461794,219.5,522.25,Transition
135.57305329243502,137.4043492119184,119.1772272853804,123.24061412389024,221.5,521.25,Transition
136.9405818117108,139.79475281407989,121.6969187330667,144.0995840480598,222.25,521.5,Transition
141.33260590308302,143.0414742446227,120.64815500543038,149.61465877827118,224.5,524.75,Transition
144.14823868082962,143.02191162234783,120.73548768213465,142.6139380793614,226.5,530.5,Transition
136.36053517713893,133.1298074077333,102.71568172729124,151.22391987871464,228.75,531.0,Transition
144.72757853618458,143.0248760498296,67.00410600121359,166.16514656236365,236.25,535.75,Transition
139.27206655955092,133.99491398434944,38.82982497259779,147.384969038919,239.0,535.75,Transition
139.95602896970775,130.44849170063037,2.815557551281091,69.1053062358518,245.75,534.25,Transition
151.82495113027008,132.93184120951022,6.516182930844028,90.40491042830885,254.0,534.75,Transition
161.40480855405403,137.18822551562533,2.5275457666754546,150.0183605208645,264.0,537.0,Transition
167.90581992188027,147.33312057694036,0.2869643092517098,57.633362151278114,271.25,532.5,Transition
172.1233249858606,166.42098403309086,54.516020226921164,138.70775681843242,280.0,531.25,Extension
166.1624890824133,177.990670169354,62.36566147139376,125.7858751585213,292.75,532.25,Extension
164.00202106019978,175.32047873768346,70.35048165198909,119.60445068752422,299.25,533.25,Extension
165.06858279203422,172.74457431980795,81.75127303735557,163.8294974721172,317.0,541.5,Extension
157.92086227552394,163.47359522587277,75.96375654373148,158.75404967396562,329.0,546.5,Extension
154.06257699393,150.96243804526458,133.89829385481042,177.9690849996832,336.0,546.25,Transition
145.31075573964765,158.6921528213184,118.37685103667587,153.55633793645328,344.25,544.75,Transition
140.91057057213675,151.00705062037326,120.9984976054208,169.19895983923814,350.0,542.25,Transition
138.87190843286152,146.09053400013445,138.40778169219627,162.49884014784203,356.25,539.25,Transition
145.40106715112236,144.75062458344624,151.98532416507902,124.54009086488163,360.75,534.0,Transition
150.81408416265836,142.17349882539574,166.6309493514041,169.50589585630865,359.25,527.25,Transition
141.40323936764887,139.3924727973412,177.35803412588092,178.80650982228977,360.75,524.0,Transition
143.98961318659914,132.44796891283295,160.5837072594981,179.77972047071881,359.5,516.25,Transition
147.73490672149762,148.33311130573475,168.5406167412187,167.6922737686555,357.75,521.0,Transition
148.6414344429527,142.9925848762003,171.1625781343312,161.31303124293962,361.75,514.0,Transition
147.59676298562474,144.26496623016487,179.8076326066168,178.77591633217074,362.75,504.5,Transition
152.37621507786614,147.19911921994853,170.42010780105255,159.85907155441043,363.5,499.0,Transition
151.78792013987248,149.52453059383038,161.05423074790758,171.42228331357356,364.75,499.75,Transition
158.14346812151558,155.60874498828443,162.28506774879844,172.37185014212352,360.0,497.75,Transition
153.52794762659957,153.6391589685408,151.12540873847882,169.43898916250438,357.75,503.0,Transition
153.96264176606581,155.8755867316449,140.86214774859448,161.7973927967647,352.0,505.25,Transition
156.76875454510323,149.34116131324598,117.47443156753587,158.60453258928047,353.5,510.0,Transition
150.94240596545578,140.8006607854084,119.53878221000102,164.36333892918154,354.0,510.5,Transition
148.87929714848977,137.56556977747107,40.06078469491173,171.8279049963422,353.0,507.25,Transition
147.41009089004157,137.7935935598526,54.16234716220136,169.0277596437707,350.75,503.25,Transition
155.50849956518257,138.18234162416027,126.61367106069135,134.68519113756852,351.75,499.0,Transition
154.24952585443992,134.45362823091128,106.85839875934626,58.34065230960389,354.0,490.5,Transition
153.26882104539504,135.6458725771819,109.78859415833952,7.224316395785181,351.5,485.0,Transition
149.949437773572,133.11948202485556,108.06300415927528,53.83742177439597,353.0,483.75,Transition
149.3753029746166,133.64976286341394,89.73474365677752,85.42443688938137,356.5,489.25,Transition
144.20015770601805,127.87498364500074,100.34033048198894,105.59281093130716,355.75,490.0,Transition
131.84034182465365,124.38034471876176,128.77466561406138,104.57053123639372,359.25,496.25,Transition
138.19321940654365,122.21616824502557,96.84625100918988,123.69006750934871,355.5,504.0,Transition
138.3282086710414,125.77011375064538,95.82455337799477,124.95152274703668,357.5,507.0,Transition
135.86264383851332,126.35613324782707,104.31402128151785,125.98067755088282,359.0,509.25,Transition
142.70246664149204,132.20161887372095,109.44003481797876,132.54696831634152,360.0,508.0,Transition
147.44924478297133,136.7113156150284,109.90147154607926,137.0849537553461,359.75,506.5,Transition
150.81408416555357,137.95856779699588,115.7270077738242,135.1017685714149,358.75,501.75,Transition
149.32052328989465,136.82498338141232,106.16903167974213,130.9684890684123,355.75,498.25,Transition
157.31347330273587,141.89875523797423,100.56731975238533,124.76519722120226,355.25,488.5,Transition
164.4157923927319,149.51381968288086,106.0411395278732,127.13562059237132,349.5,482.0,Transition
163.90357936547286,151.29047187657727,107.49854842877522,121.5902036534067,342.5,474.25,Transition
161.37738612854665,154.4268458878735,110.85916192338684,117.54164581100191,337.0,472.5,Transition
167.8276834967331,162.4041024728305,115.98811858585773,118.33759514207584,328.75,470.0,Extension
159.50383810611265,149.16109158808393,108.74718430409355,107.71976655828128,321.75,472.5,Transition
155.19937142773466,145.12467164464144,103.95947381744793,107.73411796633172,315.75,476.25,Transition
144.51602019339705,136.7242421139047,108.43494881555677,112.29715786896755,310.75,480.25,Transition
148.2296671207946,136.41215013303278,109.11019228986807,115.75685709913134,305.75,486.75,Transition
144.79043310023184,132.7438530675058,119.65186873533956,123.39473105853283,299.0,497.25,Transition
143.8691588231675,134.35216013098602,111.80140947571226,122.05634673959216,293.0,510.0,Transition
129.09385887958788,126.61653829589547,101.46243038075465,124.83496241513319,287.25,526.5,Transition
117.65111544293714,118.02763228934087,102.76128857800049,119.84774612846431,283.0,539.0,Good Loading (Serve)
110.6665400085745,105.2688799625725,140.73092516468452,121.8039378122094,278.75,552.25,Good Loading (Serve)
97.76516601712207,95.92391877160448,130.81613212745756,120.28554921336897,278.0,557.0,Good Loading (Serve)
96.80905017843446,93.47824293935606,120.71009061909682,109.44003482079648,273.75,560.5,Good Loading (Serve)
94.60055956883566,95.62206698658976,125.22138297041379,115.27249567323815,269.75,557.5,Good Loading (Serve)
110.18264789899963,112.8122458632904,124.73169417338033,111.32418575663559,264.25,550.25,Good Loading (Serve)
117.28589373318424,123.83146348053272,114.86712538560224,104.59535247970304,259.25,546.0,Transition
120.6235306511526,129.56681162841306,128.36617851334495,105.20091267728128,255.5,541.5,Transition
117.3381781098983,128.78648103693402,137.8057163174397,108.93069720567634,250.75,540.5,Transition
118.82958909773676,128.00807464610097,149.8134639796865,108.05883312819422,247.5,541.75,Transition
121.65273682271048,130.18731499532225,156.7368143066409,106.67878875617436,244.5,542.5,Transition
122.24765190915802,135.2074672063987,171.7872193043911,104.11615384291686,241.5,542.25,Transition
137.43213877675365,146.22295129634645,160.99637714180773,100.46077860815467,240.25,541.25,Transition
150.0217387898429,153.74898338063764,176.37851148379372,96.25129223473007,237.5,537.25,Transition
150.38329694870242,157.63762830459106,137.97373088813546,95.42007782132042,230.25,533.0,Transition
152.18275792297277,156.45395599632246,137.70572674918571,86.33047428845826,227.0,529.25,Transition
153.69860893768694,156.15475769801284,161.4130731003242,86.7889700307652,223.5,524.0,Transition
156.13628499052382,158.18065613948303,32.15229541689995,75.15110495088317,221.75,520.75,Transition
153.1281470278579,149.49432846445595,44.01788288468595,28.083135309262797,219.25,518.25,Transition
149.8387506094901,144.05180082037188,20.60470422828742,4.423265023874959,215.0,519.75,Transition
139.00352721733339,140.64840095808137,18.43494914646694,22.286048049956616,214.5,520.5,Transition
133.77084327041348,135.63191311167014,18.610165550552882,25.116965448717608,208.5,527.5,Transition
129.78183383715492,140.36042554888604,7.416915010419857,20.644430525667413,204.5,532.25,Transition
137.1431634557811,146.499106033096,115.14478550646778,170.18994825857695,202.75,535.25,Transition
133.6415807202364,142.6662227151788,169.86146135274677,170.53767753508248,201.5,539.75,Transition
144.57099418286984,149.41259442463874,170.8688634674762,173.9909937631871,202.75,541.75,Transition
149.207432349522,154.86293179278672,168.4425276653787,176.9121368716806,204.0,540.5,Transition
156.18834572073874,158.79064062082094,104.30027743286233,176.4268024822998,205.5,534.75,Transition
149.0418535329107,153.4308846978258,176.6472031685413,176.56065071825589,201.5,528.5,Transition
163.35775105988205,167.07689189762945,178.29864427172282,177.62403460061628,205.75,518.0,Extension
170.3399033719753,173.3194243744971,170.04192927240265,174.54121199604754,206.5,510.0,Extension
175.45823901927685,176.4865129389657,177.52593243091232,178.04780235374253,205.75,500.0,Extension
179.51273911366775,177.13009429300297,171.3109821826156,158.31854278958218,208.5,494.0,Extension
174.149161096737,175.21752744194313,177.68214968358077,166.9530671739106,206.0,488.25,Extension
168.95039347105268,177.15997869269617,146.00716963749056,147.88648249603284,203.0,487.5,Extension
166.2409880824714,178.94441791434508,150.69643072044715,153.1594904262129,200.25,486.0,Extension
168.49436827851648,171.62082718893686,153.91278786611377,160.57278953025425,200.25,486.0,Extension
168.67505679489545,172.044114556414,160.64100572760353,160.3937876522386,204.75,485.0,Extension
167.0673915582263,169.6663445354929,145.66978269888304,148.619432243609,205.0,492.25,Extension
165.61756264068333,173.29763994064265,27.299572847760473,124.04845360232135,203.25,496.5,Extension
162.09068575496147,160.50706638353327,57.55024289502509,144.7962097139234,199.25,503.0,Extension
158.48993449450887,150.10844608035944,60.682463491753914,160.75636910114105,197.5,513.75,Transition
146.25389997683575,143.55138724691662,10.178066630615485,34.792457429489566,195.25,524.75,Transition
126.62690702155044,119.14876174443546,4.170437691047396,32.082187271651705,194.25,532.25,Good Loading (Serve)
119.16225462141061,112.01875268933777,140.2727909304123,81.86989765227486,194.25,539.75,Good Loading (Serve)
119.43917246684964,106.08744435344079,159.70336377213658,117.98717169473494,193.5,541.5,Good Loading (Serve)
120.30463945559659,106.56522709783872,157.4528222375274,115.88702625406432,195.0,541.5,Good Loading (Serve)
135.1680223202156,131.5597961534857,131.48667082531875,165.38862690283088,179.0,536.0,Transition
144.34897757229547,141.14870589377213,159.12730059931394,154.48048834759027,185.25,533.25,Transition
139.1910153001985,134.08064312842868,124.30945719989167,177.25642288841712,181.0,528.25,Transition
139.91178816115288,135.70712959417895,73.842344888441,176.64210632689844,184.5,526.5,Transition
141.2641208276196,139.09354615714796,77.4194145618957,176.29537044029175,187.25,524.0,Transition
134.1977332202282,132.2851349268395,110.66034898729326,163.68614743053914,194.25,524.0,Transition
138.71528909392921,134.51491090814682,127.75501480256669,176.33874307028415,197.5,523.0,Transition
145.3008564041767,142.09156871637697,143.4854116809745,178.09084668601938,202.75,526.0,Transition
134.73313755377708,130.09986782024302,154.1118813647771,160.94003102678636,206.25,530.0,Transition
134.95878989466442,127.86321134568425,153.38370031831656,160.68635036988294,208.5,537.5,Transition
138.96880698072897,133.24043541780458,107.89674638978045,159.62885370143874,211.0,543.25,Transition
144.53289844807975,133.68041187970542,115.60666097404489,145.34286618049973,216.75,545.25,Transition
144.71577635884225,130.93248042563178,117.82409636968721,144.89204924193135,217.75,546.75,Transition
146.8601951455921,135.37611567928218,110.26891614590079,137.23697903493857,218.75,544.25,Transition
148.79827402654553,137.19114009210938,112.47943438766038,135.1367438164595,219.75,544.25,Transition
151.11819276398364,137.71402102705488,106.80111621871691,135.85509736858032,222.0,541.5,Transition
150.4011320796463,138.83573800358553,111.17132330063524,128.16248692329754,224.25,536.5,Transition
142.33548968274405,131.76427283722035,106.7181506042212,127.50867487676537,225.75,532.0,Transition
136.7662704769736,127.50427844166263,122.96279766074072,137.38036274857964,228.25,524.75,Transition
127.14709247488115,120.43207010693109,128.7756291173715,136.89037306430413,229.5,518.0,Transition
134.64160737960466,123.8571101364804,116.11007439100489,124.57040752744292,234.75,514.0,Transition
135.24965322382113,128.38460020697545,121.13897242192368,120.00441548920371,238.75,511.25,Transition
137.589022853401,129.2072034986974,116.52939729192727,117.64054121073426,240.5,510.0,Transition
141.0419500437281,134.29715022231386,115.3644171825667,120.71890425117535,242.5,511.0,Transition
145.66618674739735,137.69248422141044,118.56422142526851,124.29523862384133,245.5,513.25,Transition
143.9867261310195,136.77859896829676,121.60569917114238,126.07530582997896,250.5,517.0,Transition
147.24122007017593,138.59168932440312,102.21883209910541,115.21398608487584,255.5,526.0,Transition
143.77670988303896,134.3744447255233,119.93994015081093,123.10809019896828,260.75,535.5,Transition
136.83867897743886,129.31430871232934,111.95379150798537,126.7438807229966,263.25,545.0,Transition
121.30499041901105,114.01555230167682,109.79659409786377,123.02556988622669,265.0,557.0,Good Loading (Serve)
107.2120719239133,102.06423188915979,111.19942023950463,122.03965920121951,266.5,564.75,Good Loading (Serve)
110.45438449245053,106.50846176925013,131.87432463411872,118.16470881102676,270.5,567.25,Good Loading (Serve)
118.43987766921911,116.11893064728125,140.31265573409732,116.30888694415856,266.5,567.0,Good Loading (Serve)
124.31720502972095,121.17157760084234,140.34448030865954,116.42654431450997,268.0,567.5,Transition
128.70405518629826,123.20770651400457,132.6626940985796,115.71130914631962,267.25,565.5,Transition
123.38874012600921,117.8317721978858,127.0992105451919,114.16483670762355,262.75,563.0,Good Loading (Serve)
119.6288063944018,116.00652918624043,125.64898559713222,110.12345107120056,260.25,562.0,Good Loading (Serve)
114.19305659688072,114.54977930383531,88.57835276770297,96.37116801409101,264.5,556.75,Good Loading (Serve)
114.72299692724434,123.46868261053997,109.64463466670871,100.42249677146597,260.5,550.75,Transition
139.36191045475837,147.35588487028394,131.19675950566284,114.9159161489789,256.25,546.5,Transition
137.73324206334522,145.54448476252534,143.19740350210017,115.14478562164543,253.75,541.5,Transition
141.23694091686514,139.91838070119132,129.49958849696543,111.42830702470182,250.25,539.5,Transition
144.33225864500997,144.71368898601995,150.32691782019123,112.03472800511221,247.75,540.0,Transition
145.77427716737404,144.60714783489294,145.3307340150831,100.58163551805326,247.25,543.5,Transition
142.93099992621546,136.07948001099084,108.0653037420112,97.7269196618147,247.0,546.25,Transition
149.44490827308738,144.0972928592482,109.17104252099203,92.25679392579728,244.5,549.5,Transition
162.91624450771278,161.2748014570149,78.64537505076473,93.84150039212052,241.5,549.25,Extension
168.02561920960753,172.48318962176143,81.31813126108636,95.50234042450242,237.0,547.75,Extension
176.4396557531367,173.2040559112275,85.49988629288012,100.00359536441826,229.75,544.0,Extension
170.15600168304843,172.14905251856294,84.80977340983888,104.22727528019631,225.75,542.75,Extension
169.35691354858756,170.24508345712945,79.8244891598089,117.68469584666147,222.0,541.5,Extension
169.45238889687707,166.54267136051988,75.24982738698682,129.07975789360242,220.25,543.5,Extension
172.5351041420389,169.50852294259806,74.04315639580098,118.75363372256682,220.5,545.75,Extension
174.34110023604467,169.71987124999146,69.80525464153284,128.00807463052604,220.75,544.75,Extension
163.63209454346625,162.0898361810176,51.35372247014815,118.8537154791987,221.75,540.0,Extension
166.13187743529733,163.63998534781516,54.52881300721562,104.00773810000639,222.5,532.25,Extension
167.77963922111624,169.26110285847957,41.238745324065896,100.97927758588588,221.5,523.25,Extension
157.97481820909414,160.95937767106363,47.79944456360348,114.67686312723616,229.75,518.0,Extension
179.02380810845509,171.60623151295087,42.51044713132891,56.278537548372285,233.25,516.25,Extension
169.10246721124213,178.86988038233366,41.485790880557836,145.0881696832099,244.5,519.0,Extension
173.19023132387773,171.5128142203485,13.736268727266964,44.341456850464574,262.25,526.5,Extension
170.30943317452218,173.18316446521158,23.838741102604697,33.34375745425311,286.75,530.5,Extension
171.2175592385737,172.82042658050355,58.58897878807689,65.59792470312294,314.75,532.75,Extension
165.75757122834722,176.30752911061387,157.1001332022483,116.30996130384919,347.5,525.75,Extension
168.08340364154606,171.93675378296393,57.12907625423489,153.7979036099246,371.25,524.75,Extension
161.2898378242504,171.19010825295877,150.2936497110917,179.22139554491017,395.75,525.0,Extension
158.07764909853861,170.5014565272755,179.82464287453246,176.92517928900907,407.5,525.25,Extension
166.6304858767471,178.60480019625894,166.3926021670261,177.72591090598482,413.0,527.5,Extension
167.16060398296833,169.27370549750867,155.2825590584979,172.65378851276594,413.25,529.5,Extension
159.14048137498517,165.3620659082663,119.61073633023547,177.3741691885073,404.0,526.75,Extension
156.68746621011013,167.37440894812863,151.27967316723678,177.31176269696624,394.75,526.75,Extension
161.2059586513523,176.06819316836243,163.4749475984491,178.5591451359151,384.0,528.0,Extension
167.46477951918087,176.74745943656006,169.5411166139149,171.76655564593045,369.5,524.5,Extension
165.50745982269694,173.05463143636769,173.10718397164018,173.5398255373373,361.25,520.5,Extension
162.73022840209885,173.2075451434369,153.37579714801788,164.63105788631776,344.5,514.75,Extension
163.119260779691,174.41308937029243,163.13048147319222,138.38105086955304,337.5,501.5,Extension
167.95265807786458,166.93068208505176,143.7105028205756,145.30058432914308,317.25,487.5,Extension
163.86628167815792,168.07855262676915,128.02182026633574,154.81503039851376,305.25,474.75,Extension
153.33993102586126,159.9829541980025,142.01738505385777,132.23688294353101,295.25,455.0,Transition
